{"cameraMode":{"drawMode":0,"name":"Shaded","section":"Shading Mode"},"sceneLighting":false,"audioPlay":false,"sceneViewState":{"showFog":false,"showMaterialUpdate":false,"showSkybox":false,"showFlares":false,"showImageEffects":false,"showParticleSystems":false,"showVisualEffectGraphs":true,"m_FxEnabled":true},"in2DMode":false,"pivot":{"x":-0.00812000036239624,"y":0.9203206300735474,"z":0.011433348059654236},"rotation":{"x":0.012881394475698471,"y":-0.9547967910766602,"z":0.294108510017395,"w":0.04184267297387123},"size":1.4712811708450318,"orthographic":false}