{"cameraMode":{"drawMode":0,"name":"Shaded","section":"Shading Mode"},"sceneLighting":false,"audioPlay":false,"sceneViewState":{"showFog":true,"showMaterialUpdate":false,"showSkybox":false,"showFlares":true,"showImageEffects":true,"showParticleSystems":true,"showVisualEffectGraphs":true,"m_FxEnabled":true},"in2DMode":false,"pivot":{"x":5.960464477539063e-8,"y":0.9011592268943787,"z":-0.023243635892868043},"rotation":{"x":0.13536889851093293,"y":-0.7670494914054871,"z":0.17218396067619325,"w":0.6030863523483276},"size":1.4166508913040162,"orthographic":false}