{"cameraMode":{"drawMode":0,"name":"Shaded","section":"Shading Mode"},"sceneLighting":false,"audioPlay":false,"sceneViewState":{"showFog":true,"showMaterialUpdate":false,"showSkybox":false,"showFlares":true,"showImageEffects":true,"showParticleSystems":true,"showVisualEffectGraphs":true,"m_FxEnabled":true},"in2DMode":false,"pivot":{"x":-0.00812000036239624,"y":0.9203206300735474,"z":0.011283069849014283},"rotation":{"x":0.13536889851093293,"y":-0.7670494914054871,"z":0.17218396067619325,"w":0.6030863523483276},"size":1.4713231325149537,"orthographic":false}